Date,sentiment,subjectivity
2018-09-14,0.07348484848484849,0.2727272727272727
2018-09-17,0.0,0.0
2018-09-18,0.32175925925925924,0.49907407407407406
2018-09-19,0.375,0.4
2018-09-20,0.21623376623376622,0.5422077922077922
2018-09-21,0.0,0.0
2018-09-25,0.5,0.5
2018-09-27,0.26666666666666666,0.43333333333333335
2018-09-28,0.25,0.25
2018-10-02,-0.17121212121212123,0.491991341991342
2018-10-04,0.25,0.25
2018-10-07,0.0,0.0
2018-10-10,0.15757575757575756,0.48484848484848486
2018-10-11,0.08333333333333333,0.13333333333333333
2018-10-12,0.11071428571428571,0.5404761904761904
2018-10-15,0.1875,0.20833333333333331
2018-10-16,0.17510822510822513,0.4745670995670996
2018-10-17,0.08712121212121211,0.23484848484848486
2018-10-18,-0.016666666666666666,0.2333333333333333
2018-10-19,0.006060606060606058,0.17575757575757578
2018-10-22,0.17424242424242425,0.42803030303030304
2018-10-24,0.046590909090909086,0.41363636363636364
2018-10-25,0.06818181818181818,0.25
2018-10-26,0.0,0.625
2018-10-29,0.25277777777777777,0.4674603174603175
2018-10-30,0.07878787878787878,0.18484848484848485
2018-10-31,0.25,0.25
2018-11-01,0.0,0.0625
2018-11-03,0.0,0.0
2018-11-04,-0.13333333333333333,0.6
2018-11-06,0.0,0.0
2018-11-07,0.0,0.0
2018-11-08,0.3059974747474748,0.4986111111111111
2018-11-09,0.05333333333333332,0.4990476190476191
2018-11-13,0.25,0.75
2018-11-14,0.05606060606060606,0.4924242424242424
2018-11-15,0.0,0.0
2018-11-16,0.0,0.0
2018-11-19,0.0,0.0
2018-11-20,-0.08181818181818182,0.4772727272727273
2018-11-21,0.0,0.0
2018-11-23,0.0,0.0
2018-11-26,-0.1,0.1
2018-11-27,0.2672727272727273,0.5286868686868686
2018-12-03,0.125,0.3958333333333333
2018-12-04,0.06818181818181818,0.22727272727272727
2018-12-05,0.55,0.75
2018-12-06,0.0,0.0
2018-12-07,0.5,0.5
2018-12-09,0.018181818181818174,0.42727272727272725
2018-12-10,0.14327272727272727,0.36990909090909085
2018-12-11,0.05,0.2
2018-12-13,0.18939393939393936,0.5757575757575758
2018-12-14,0.21666666666666667,0.3
2018-12-18,0.24642857142857144,0.7089285714285714
2018-12-21,0.3,1.0
2018-12-23,0.6666666666666666,0.43333333333333335
2018-12-24,0.13636363636363635,0.45454545454545453
2018-12-26,0.2767676767676768,0.4845959595959595
2018-12-27,-0.08322510822510823,0.3412337662337662
2019-01-03,0.19208754208754208,0.4727272727272727
2019-01-04,0.13333333333333333,0.35000000000000003
2019-01-06,0.28354978354978355,0.5324675324675324
2019-01-07,0.043181818181818175,0.4265151515151515
2019-01-09,0.1459090909090909,0.43969696969696964
2019-01-10,0.27272727272727276,0.4874242424242425
2019-01-11,0.25,0.25
2019-01-16,0.0,0.0625
2019-01-18,0.07129629629629629,0.1939814814814815
2019-01-22,0.1590909090909091,0.23863636363636365
2019-01-23,0.13636363636363635,0.45454545454545453
2019-01-30,0.0,0.0
2019-01-31,0.5,0.5
2019-02-14,0.13636363636363635,0.45454545454545453
2019-02-15,0.40909090909090906,0.7386363636363636
2019-02-18,0.8,1.0
2019-02-19,0.15,0.37138047138047137
2019-02-20,0.16405855429292932,0.33115530303030305
2019-02-22,0.1375,0.23333333333333334
2019-02-24,0.0,0.0
2019-02-25,0.0,0.3
2019-02-26,0.12878787878787878,0.2626262626262626
2019-02-27,0.23181818181818184,0.4616161616161616
2019-02-28,0.06818181818181818,0.22727272727272727
2019-03-04,0.25,0.45
2019-03-05,0.5291666666666667,0.8135416666666666
2019-03-06,0.0,0.5
2019-03-08,0.2537878787878788,0.3181818181818182
2019-03-13,0.625,0.31666666666666665
2019-03-14,0.20909090909090908,0.13863636363636364
2019-03-18,0.07222222222222222,0.3444444444444444
2019-03-19,0.13636363636363635,0.45454545454545453
2019-03-20,0.25,0.35
2019-03-21,0.09772727272727273,0.4590909090909091
2019-03-22,0.08409090909090909,0.3136363636363636
2019-03-25,0.2931818181818182,0.45227272727272727
2019-03-26,0.2,0.375
2019-03-28,0.0,0.3333333333333333
2019-03-29,0.275,0.5874999999999999
2019-04-01,0.1,0.4
2019-04-02,0.4,0.6
2019-04-03,0.1595959595959596,0.4532828282828283
2019-04-04,0.21212121212121213,0.4792929292929293
2019-04-08,-0.15555555555555559,0.2888888888888889
2019-04-09,0.13434343434343435,0.4618686868686868
2019-04-10,-0.0045454545454545565,0.4166666666666667
2019-04-11,0.32575757575757575,0.5520833333333333
2019-04-12,0.17500000000000002,0.39166666666666666
2019-04-15,0.20000000000000004,0.48095238095238096
2019-04-16,0.4452380952380952,0.44126984126984126
2019-04-17,0.25,0.25
2019-04-18,0.0,0.03125
2019-04-22,0.0,0.0
2019-04-23,0.17666666666666667,0.79
2019-04-24,0.018181818181818174,0.42727272727272725
2019-04-25,0.0,0.0
2019-04-26,0.5,0.5
2019-04-29,0.0,0.0
2019-04-30,0.5,0.15
2019-05-02,0.1590909090909091,0.509469696969697
2019-05-07,0.5,0.9
2019-05-09,0.2611111111111111,0.3222222222222222
2019-05-10,0.0,0.0
2019-05-13,0.06818181818181818,0.7272727272727273
2019-05-14,0.3751082251082251,0.49956709956709955
2019-05-15,0.25,0.5125
2019-05-16,0.26875,0.61875
2019-05-17,0.1595959595959596,0.6384680134680135
2019-05-21,0.3590909090909091,0.6886363636363636
2019-05-22,0.43333333333333335,0.8333333333333334
2019-05-23,-0.07142857142857144,0.6785714285714285
2019-05-27,0.2857142857142857,0.5357142857142857
2019-05-28,0.13636363636363635,0.45454545454545453
2019-05-30,0.0,0.0
2019-05-31,0.0,0.0
2019-06-03,0.13636363636363635,0.45454545454545453
2019-06-04,0.0,0.125
2019-06-05,0.30000000000000004,0.375
2019-06-10,0.25757575757575757,0.6363636363636364
2019-06-11,0.35497835497835495,0.5562770562770563
2019-06-12,0.21212121212121213,0.3181818181818182
2019-06-13,0.3333333333333333,0.7666666666666666
2019-06-14,0.0,0.0
2019-06-18,0.2,0.3
2019-06-19,0.20454545454545453,0.5818181818181818
2019-06-21,0.0,0.125
2019-06-25,0.3,0.4720238095238095
2019-06-26,0.13636363636363635,0.45454545454545453
2019-06-27,0.4166666666666667,0.4083333333333333
2019-06-28,0.19772727272727272,0.4340909090909091
2019-07-01,0.27020202020202017,0.5034511784511785
2019-07-02,0.11818181818181817,0.3606060606060606
2019-07-04,0.0,0.0
2019-07-09,0.2111111111111111,0.32222222222222224
2019-07-10,0.0,0.0
2019-07-11,0.29523809523809524,0.611904761904762
2019-07-15,0.0,0.03125
2019-07-16,0.6,0.65
2019-07-17,0.0,0.0
2019-07-18,0.07954545454545454,0.2943181818181818
2019-07-19,0.03333333333333333,0.10416666666666666
2019-07-22,0.0,0.0
2019-07-23,0.15000000000000002,0.2
2019-07-24,0.0,0.0
2019-07-26,0.0,0.0
2019-07-29,-0.1333333333333333,0.6777777777777777
2019-07-30,0.26363636363636367,0.47045454545454546
2019-07-31,0.3181818181818182,0.4772727272727273
2019-08-01,0.13825757575757575,0.23863636363636365
2019-08-02,0.75,1.0
2019-08-05,0.0,0.0
2019-08-06,0.15606060606060604,0.2583333333333333
2019-08-07,0.37784090909090906,0.43863636363636366
2019-08-08,0.17474747474747476,0.301010101010101
2019-08-09,0.0,0.0
2019-08-10,0.15892857142857142,0.27142857142857146
2019-08-12,0.22897727272727272,0.6085227272727273
2019-08-17,0.5,0.625
2019-08-19,0.16666666666666666,0.5666666666666667
2019-08-20,0.4375,0.4583333333333333
2019-08-22,0.36704545454545456,0.44431818181818183
2019-08-26,0.0,0.0
2019-08-28,0.13636363636363635,0.45454545454545453
2019-08-29,0.21666666666666667,0.3333333333333333
2019-08-30,0.0,0.0
2019-08-31,0.13636363636363635,0.45454545454545453
2019-09-02,0.16666666666666669,0.41666666666666663
2019-09-03,0.5,0.9
2019-09-04,0.1931818181818182,0.3647727272727273
2019-09-05,0.24393939393939393,0.5297979797979798
2019-09-06,0.11944444444444445,0.30462962962962964
2019-09-07,0.03125,0.25
2019-09-09,0.09404761904761905,0.5654761904761906
2019-09-10,0.2,0.2
