Date,Open,High,Low,Close,Volume,Open_AAPL,High_AAPL,Low_AAPL,Open_GOOG,High_GOOG,Low_GOOG,Open_INTC,High_INTC,Low_INTC,Open_lg,High_lg,Low_lg
2018-09-14,45000.0,45850.0,44900.0,45850.0,12446344.0,225.75,226.83999599999999,222.520004,1179.099976,1180.425049,1168.329956,45.779999,45.970001,45.349998,72100.0,72800.0,71700.0
2018-09-17,45550.0,45800.0,44900.0,45150.0,8123384.0,222.149994,222.94999700000002,217.270004,1170.140015,1177.23999,1154.030029,45.290001000000004,45.900002,45.189999,72400.0,73200.0,71800.0
2018-09-18,44950.0,45900.0,44700.0,45500.0,9987090.0,217.789993,221.850006,217.11999500000002,1157.089966,1176.079956,1157.089966,45.580002,46.529999,45.41,71200.0,71500.0,68400.0
2018-09-19,46000.0,46200.0,45700.0,46150.0,9367454.0,218.5,219.61999500000002,215.30000299999998,1164.97998,1173.209961,1154.579956,46.09,46.439999,45.889998999999996,69400.0,69400.0,67900.0
2018-09-20,46850.0,47600.0,46400.0,47250.0,13536966.0,220.24000499999997,222.27999900000003,219.149994,1179.98999,1189.890015,1173.359985,46.779999,47.360001000000004,46.52,68300.0,70000.0,68200.0
2018-09-21,46550.0,47550.0,46550.0,47400.0,14476906.0,220.77999900000003,221.36000099999998,217.289993,1192.0,1192.209961,1166.040039,47.119999,47.419998,46.369999,69600.0,70100.0,69100.0
2018-09-27,46950.0,47500.0,46450.0,47500.0,15804586.0,223.82000699999998,226.440002,223.539993,1186.72998,1202.099976,1183.630005,45.91,46.169998,45.73,69100.0,70100.0,68500.0
2018-09-28,47250.0,47250.0,46300.0,46450.0,11270515.0,224.789993,225.83999599999999,224.020004,1191.869995,1195.410034,1184.5,45.619999,47.75,45.459998999999996,70000.0,71900.0,69900.0
2018-10-01,46450.0,46800.0,45800.0,46350.0,6354983.0,227.94999700000002,229.419998,226.350006,1199.890015,1209.900024,1190.300049,46.790001000000004,47.220001,46.200001,71000.0,71500.0,70200.0
2018-10-02,46450.0,46700.0,45700.0,45700.0,6607188.0,227.25,230.0,226.63000499999998,1190.959961,1209.959961,1186.630005,47.509997999999996,48.880001,47.32,70700.0,71300.0,69900.0
2018-10-04,45150.0,45600.0,44700.0,44700.0,11865327.0,230.77999900000003,232.350006,226.729996,1195.329956,1197.51001,1155.57605,48.84,48.860001000000004,47.619999,69700.0,70200.0,68400.0
2018-10-05,44800.0,45500.0,44550.0,44700.0,10544165.0,227.960007,228.41000400000001,220.580002,1167.5,1173.5,1145.119995,48.23,48.34,46.66,68600.0,71200.0,68000.0
2018-10-08,44200.0,45200.0,44200.0,44950.0,6759464.0,222.210007,224.80000299999998,220.19999700000002,1150.109985,1168.0,1127.364014,46.959998999999996,47.349998,46.52,69600.0,69700.0,67800.0
2018-10-10,45250.0,45500.0,44500.0,45300.0,10341349.0,225.460007,226.350006,216.05000299999998,1131.079956,1132.170044,1081.130005,46.060001,46.119999,44.799999,67200.0,67300.0,65200.0
2018-10-11,44000.0,44650.0,43100.0,43100.0,19324537.0,214.520004,219.5,212.32000699999998,1072.939941,1106.400024,1068.27002,45.150002,45.610001000000004,43.73,62400.0,63900.0,61600.0
2018-10-12,43200.0,44650.0,43200.0,44000.0,12640906.0,220.419998,222.88000499999998,216.83999599999999,1108.0,1115.0,1086.4019779999999,45.27,45.34,44.23,62100.0,65100.0,62100.0
2018-10-15,44050.0,44050.0,43350.0,43800.0,7434522.0,221.16000400000001,221.830002,217.270004,1108.910034,1113.446045,1089.0,44.630001,45.139998999999996,44.439999,64400.0,65500.0,63800.0
2018-10-16,43700.0,44150.0,43350.0,43600.0,6825677.0,218.92999300000002,222.99000499999997,216.75999500000003,1104.589966,1124.219971,1102.5,44.900002,46.009997999999996,44.830002,64300.0,65000.0,63400.0
2018-10-17,44150.0,44500.0,44000.0,44150.0,8306193.0,222.30000299999998,222.63999900000002,219.33999599999999,1126.459961,1128.98999,1102.189941,46.0,46.330002,45.540001000000004,64500.0,65800.0,64000.0
2018-10-18,43950.0,44450.0,43700.0,44050.0,8347725.0,217.86000099999998,219.74000499999997,213.0,1121.839966,1121.839966,1077.089966,45.650002,45.75,44.830002,64700.0,66000.0,64400.0
2018-10-19,43900.0,44150.0,43450.0,43900.0,7842520.0,218.059998,221.25999500000003,217.42999300000002,1093.369995,1110.359985,1087.75,45.02,45.18,43.860001000000004,64400.0,66000.0,63200.0
2018-10-22,43450.0,43950.0,43200.0,43550.0,8357648.0,219.789993,223.36000099999998,218.940002,1103.060059,1112.22998,1091.0,44.5,45.34,44.099998,64600.0,66300.0,64600.0
2018-10-23,43300.0,43450.0,42550.0,43050.0,9531231.0,215.830002,223.25,214.69999700000002,1080.890015,1107.890015,1070.0,44.18,45.09,43.91,65200.0,65300.0,63100.0
2018-10-24,43050.0,43100.0,42250.0,42550.0,13522825.0,222.600006,224.229996,214.539993,1104.25,1106.119995,1048.73999,44.16,44.360001000000004,42.360001000000004,64200.0,64700.0,63500.0
2018-10-25,40600.0,41550.0,40550.0,41000.0,19338170.0,217.710007,221.38000499999998,216.75,1071.790039,1110.97998,1069.550049,43.540001000000004,44.939999,43.279999,62700.0,63400.0,61700.0
2018-10-26,41100.0,41300.0,40400.0,41000.0,14413864.0,215.899994,220.190002,212.669998,1037.030029,1106.530029,1034.089966,45.59,46.439999,44.700001,63100.0,63900.0,60500.0
2018-10-29,40850.0,41950.0,40550.0,41400.0,14460521.0,219.190002,219.690002,206.08999599999999,1082.469971,1097.040039,995.830017,46.5,46.75,44.439999,60900.0,61900.0,59100.0
2018-10-30,41400.0,43000.0,41000.0,42350.0,14205190.0,211.149994,215.17999300000002,209.270004,1008.4600220000001,1037.48999,1000.75,45.529999,47.880001,45.459998999999996,58800.0,61700.0,58800.0
2018-10-31,42900.0,43350.0,41700.0,42400.0,17621480.0,216.88000499999998,220.44999700000002,216.61999500000002,1059.810059,1091.939941,1057.0,48.290001000000004,48.560001,46.830002,61500.0,63800.0,61000.0
2018-11-01,42450.0,42950.0,42150.0,42150.0,13423132.0,219.05000299999998,222.36000099999998,216.809998,1075.800049,1083.974976,1062.459961,46.950001,48.470001,46.860001000000004,63700.0,66500.0,63400.0
2018-11-02,43050.0,44250.0,42800.0,44150.0,16517112.0,209.550003,213.649994,205.429993,1073.72998,1082.974976,1054.609985,48.130001,48.25,46.75,66600.0,67700.0,66200.0
2018-11-05,43750.0,43800.0,42900.0,43800.0,9426777.0,204.300003,204.389999,198.169998,1055.0,1058.469971,1021.23999,47.34,48.25,46.919998,67000.0,68000.0,66200.0
2018-11-06,43750.0,43800.0,42950.0,43750.0,7713625.0,201.919998,204.720001,201.690002,1039.47998,1064.344971,1038.069946,47.799999,47.919998,47.029999,67600.0,68800.0,67100.0
2018-11-07,43600.0,44500.0,43400.0,44000.0,11553998.0,205.970001,210.059998,204.130005,1069.0,1095.459961,1065.900024,47.630001,48.75,47.59,68400.0,69200.0,66600.0
2018-11-08,44900.0,45050.0,44050.0,44050.0,12617397.0,209.979996,210.11999500000002,206.75,1091.380005,1093.27002,1072.204956,48.490002000000004,49.290001000000004,48.459998999999996,68800.0,70700.0,68300.0
2018-11-09,44450.0,44850.0,43900.0,44300.0,7318500.0,205.550003,206.009995,202.25,1073.98999,1075.560059,1053.109985,48.790001000000004,49.029999,47.869999,70000.0,72300.0,69700.0
2018-11-12,43850.0,45250.0,43700.0,45200.0,8552566.0,199.0,199.850006,193.78999299999998,1061.390015,1062.119995,1031.0,47.709998999999996,47.799999,46.599998,71000.0,72200.0,70000.0
2018-11-13,43900.0,44500.0,43400.0,44500.0,9311126.0,191.630005,197.179993,191.449997,1043.290039,1056.60498,1031.150024,46.990002000000004,48.25,46.990002000000004,70200.0,71400.0,68800.0
2018-11-14,44500.0,44500.0,43800.0,44100.0,6783344.0,193.899994,194.479996,185.929993,1050.0,1054.563965,1031.0,47.849998,47.970001,46.889998999999996,69600.0,71000.0,68700.0
2018-11-15,44050.0,44350.0,43500.0,44250.0,5864067.0,188.389999,191.970001,186.899994,1044.709961,1071.849976,1031.780029,47.009997999999996,48.240002000000004,46.720001,69600.0,70400.0,68900.0
2018-11-16,44600.0,44750.0,43700.0,44000.0,7777124.0,190.5,194.970001,189.46000700000002,1059.410034,1067.0,1048.97998,47.77,49.049999,47.689999,70900.0,72200.0,70300.0
2018-11-19,44050.0,44250.0,43450.0,43650.0,7538720.0,190.0,190.699997,184.990005,1057.199951,1060.790039,1016.26001,48.610001000000004,49.150002,47.779999,72200.0,73100.0,71200.0
2018-11-20,42450.0,43000.0,42100.0,42800.0,9420664.0,178.369995,181.470001,175.509995,1000.0,1031.73999,996.0200199999999,47.400002,48.119999,47.09,70800.0,71000.0,69600.0
2018-11-21,41800.0,42300.0,41800.0,42100.0,10769589.0,179.729996,180.270004,176.550003,1036.76001,1048.560059,1033.469971,47.849998,47.880001,47.02,69900.0,70300.0,69200.0
2018-11-22,42000.0,42650.0,42000.0,42450.0,5970796.0,,,,,,,,,,70500.0,70600.0,68200.0
2018-11-23,42450.0,42600.0,41900.0,42400.0,5192638.0,174.940002,176.600006,172.100006,1030.0,1037.589966,1022.3989869999999,46.689999,47.07,46.52,69500.0,70100.0,68900.0
2018-11-26,42150.0,42800.0,42100.0,42600.0,6613009.0,174.240005,174.949997,170.259995,1038.349976,1049.310059,1033.910034,47.27,47.459998999999996,46.700001,69500.0,71600.0,69400.0
2018-11-27,42900.0,43100.0,42500.0,43050.0,8367091.0,171.509995,174.770004,170.880005,1041.0,1057.579956,1038.48999,46.939999,48.220001,46.59,71700.0,72300.0,71500.0
2018-11-28,42800.0,43200.0,42750.0,43150.0,6943099.0,176.729996,181.28999299999998,174.929993,1048.76001,1086.839966,1035.76001,47.939999,48.880001,47.650002,72100.0,72700.0,71800.0
2018-11-29,43850.0,43850.0,42900.0,43150.0,8473511.0,182.66000400000001,182.800003,177.699997,1076.079956,1094.244995,1076.0,48.490002000000004,48.560001,47.630001,73500.0,74600.0,73400.0
2018-11-30,43450.0,44000.0,41750.0,41850.0,19775519.0,180.28999299999998,180.330002,177.029999,1089.069946,1095.569946,1077.880005,47.950001,49.32,47.560001,73800.0,74400.0,72000.0
2018-12-03,42750.0,43400.0,42400.0,43250.0,12110702.0,184.46000700000002,184.940002,181.21000700000002,1123.140015,1124.650024,1103.665039,50.0,50.5,49.529999,74000.0,74500.0,73000.0
2018-12-04,42650.0,42900.0,41900.0,42150.0,14347746.0,180.949997,182.389999,176.270004,1103.119995,1104.420044,1049.97998,49.52,49.599998,47.68,74200.0,74700.0,73100.0
2018-12-05,40900.0,41750.0,40850.0,41450.0,12631983.0,,,,,,,,,,72100.0,72600.0,71200.0
2018-12-06,40600.0,41100.0,40450.0,40500.0,14251826.0,171.759995,174.779999,170.419998,1034.26001,1071.199951,1030.77002,46.799999,48.389998999999996,46.52,71300.0,71300.0,68000.0
2018-12-07,40900.0,41400.0,40850.0,40950.0,11433083.0,173.490005,174.490005,168.300003,1060.01001,1075.26001,1028.5,47.939999,48.060001,46.23,69400.0,69900.0,66700.0
2018-12-10,40450.0,40650.0,40000.0,40200.0,14892263.0,165.0,170.08999599999999,163.330002,1035.050049,1048.449951,1023.2899779999999,46.279999,47.459998999999996,46.009997999999996,66300.0,67400.0,64800.0
2018-12-11,40600.0,40700.0,40200.0,40250.0,10638766.0,171.66000400000001,171.78999299999998,167.0,1056.48999,1060.599976,1039.839966,47.900002,48.59,47.130001,65600.0,67100.0,65500.0
2018-12-12,40250.0,40700.0,40150.0,40450.0,12024279.0,170.399994,171.919998,169.020004,1068.0,1081.650024,1062.790039,48.580002,48.639998999999996,47.41,66600.0,68200.0,65600.0
2018-12-13,40650.0,40750.0,40000.0,40000.0,26254646.0,170.490005,172.570007,169.550003,1068.069946,1079.76001,1053.930054,48.259997999999996,48.580002,47.860001000000004,68000.0,68800.0,67100.0
2018-12-14,40200.0,40200.0,38700.0,38950.0,19671783.0,169.0,169.080002,165.279999,1049.97998,1062.599976,1040.790039,47.889998999999996,48.759997999999996,47.849998,68300.0,68500.0,66300.0
2018-12-17,38650.0,39600.0,38650.0,39150.0,11532968.0,165.449997,168.350006,162.729996,1037.51001,1053.150024,1007.900024,47.860001000000004,48.41,46.66,67700.0,69200.0,66900.0
2018-12-18,38300.0,39200.0,38300.0,38900.0,11042101.0,165.380005,167.529999,164.389999,1026.089966,1049.47998,1021.4400019999999,47.470001,48.450001,47.360001000000004,68200.0,68800.0,66800.0
2018-12-19,38900.0,39350.0,38850.0,39100.0,9942037.0,166.0,167.449997,159.08999599999999,1033.98999,1062.0,1008.0499880000001,47.490002000000004,47.73,45.380001,66900.0,67500.0,65100.0
2018-12-20,38600.0,39100.0,38500.0,38650.0,11937617.0,160.399994,162.110001,155.300003,1018.1300050000001,1034.219971,996.3599849999999,45.41,46.310001,45.009997999999996,64500.0,64500.0,61800.0
2018-12-21,38200.0,38650.0,38100.0,38650.0,14947080.0,156.860001,158.16000400000001,149.630005,1015.2999880000001,1024.02002,973.6900019999999,45.75,46.650002,44.799999,62000.0,62900.0,61800.0
2018-12-24,38500.0,39050.0,38300.0,38800.0,9729530.0,148.149994,151.550003,146.58999599999999,973.900024,1003.5399779999999,970.1099849999999,44.630001,45.169998,43.540001000000004,62000.0,62400.0,61200.0
2018-12-26,38400.0,38750.0,38300.0,38350.0,12707675.0,148.300003,157.229996,146.720001,989.01001,1040.0,983.0,44.0,46.200001,43.509997999999996,61000.0,61900.0,60600.0
2018-12-27,38700.0,38800.0,38100.0,38250.0,10510643.0,155.83999599999999,156.770004,150.070007,1017.150024,1043.890015,997.0,45.619999,46.380001,44.669998,62500.0,63300.0,61700.0
2018-12-28,38250.0,38900.0,38200.0,38700.0,9900267.0,157.5,158.520004,154.550003,1049.619995,1055.560059,1033.099976,46.509997999999996,47.740002000000004,46.299999,62300.0,63500.0,62100.0
2019-01-02,39400.0,39400.0,38550.0,38750.0,7847664.0,154.889999,158.850006,154.229996,1016.570007,1052.319946,1015.7100220000001,45.959998999999996,47.470001,45.77,63300.0,64200.0,62700.0
2019-01-03,38300.0,38550.0,37450.0,37600.0,12471493.0,143.979996,145.720001,142.0,1041.0,1056.97998,1014.070007,46.150002,46.279999,44.389998999999996,63100.0,64100.0,62100.0
2019-01-04,37450.0,37600.0,36850.0,37450.0,14108958.0,144.529999,148.550003,143.800003,1032.589966,1070.839966,1027.4179689999999,45.84,47.57,45.540001000000004,63000.0,63400.0,61100.0
2019-01-07,38000.0,38900.0,37800.0,38750.0,12748997.0,148.699997,148.830002,145.899994,1071.5,1074.0,1054.76001,47.099998,48.0,46.75,63100.0,64700.0,62700.0
2019-01-08,38000.0,39200.0,37950.0,38100.0,12756554.0,149.559998,151.820007,148.520004,1076.109985,1084.560059,1060.530029,47.799999,48.029999,46.779999,63700.0,63700.0,61200.0
2019-01-09,38650.0,39600.0,38300.0,39600.0,17452708.0,151.28999299999998,154.529999,149.630005,1081.650024,1082.630005,1066.400024,47.959998999999996,48.57,47.779999,61700.0,63700.0,61600.0
2019-01-10,40000.0,40150.0,39600.0,39800.0,14731699.0,152.5,153.970001,150.860001,1067.660034,1071.150024,1057.709961,47.75,48.650002,47.41,63100.0,66000.0,62700.0
2019-01-11,40350.0,40550.0,39950.0,40500.0,11661063.0,152.880005,153.699997,151.509995,1063.180054,1063.775024,1048.47998,48.099998,49.290001000000004,48.049999,65700.0,66500.0,65200.0
2019-01-14,40450.0,40700.0,39850.0,40050.0,11984996.0,150.850006,151.270004,149.220001,1046.920044,1051.530029,1041.255005,48.459998999999996,48.830002,48.299999,66000.0,66400.0,65000.0
2019-01-15,40050.0,41100.0,39850.0,41100.0,11492756.0,150.270004,153.389999,150.050003,1050.170044,1080.050049,1047.339966,48.709998999999996,49.130001,48.439999,65600.0,66500.0,65300.0
2019-01-16,41150.0,41450.0,40700.0,41450.0,8491595.0,153.080002,155.880005,153.0,1080.0,1092.375,1079.339966,48.599998,48.889998999999996,48.080002,66000.0,67600.0,66000.0
2019-01-17,41700.0,42100.0,41450.0,41950.0,11736903.0,154.199997,157.66000400000001,153.259995,1079.469971,1091.800049,1073.5,48.0,48.84,47.91,66800.0,67600.0,66000.0
2019-01-18,42000.0,42400.0,41950.0,42300.0,11029256.0,157.5,157.880005,155.979996,1100.0,1108.352051,1090.900024,49.110001000000004,49.380001,48.689999,66800.0,67300.0,66300.0
2019-01-21,42700.0,42750.0,41900.0,42750.0,11355701.0,,,,,,,,,,67700.0,68100.0,65800.0
2019-01-22,42750.0,42850.0,41850.0,42150.0,9964356.0,156.41000400000001,156.729996,152.619995,1088.0,1091.51001,1063.469971,48.959998999999996,48.98,47.869999,66400.0,66900.0,64100.0
2019-01-23,41350.0,42250.0,41350.0,42000.0,11071079.0,154.149994,155.139999,151.699997,1077.349976,1084.930054,1059.75,48.41,48.799999,47.52,64400.0,65700.0,64300.0
2019-01-24,43050.0,43100.0,42350.0,43050.0,14747623.0,154.110001,154.479996,151.740005,1076.47998,1079.474976,1060.699951,48.700001,50.040001000000004,48.599998,65100.0,65800.0,64800.0
2019-01-25,44300.0,44750.0,43750.0,44750.0,22789395.0,155.479996,158.130005,154.320007,1085.0,1094.0,1081.819946,46.849998,47.43,45.75,65200.0,69800.0,65200.0
2019-01-28,45000.0,45500.0,44600.0,45050.0,17998914.0,155.78999299999998,156.330002,153.66000400000001,1080.109985,1083.0,1063.800049,46.130001,46.73,46.049999,69600.0,70200.0,67600.0
2019-01-29,45050.0,45500.0,44350.0,45500.0,16215017.0,156.25,158.130005,154.110001,1072.680054,1075.150024,1055.86499,46.779999,46.970001,46.330002,67400.0,67400.0,66200.0
2019-01-30,44800.0,46400.0,44800.0,46400.0,17505980.0,163.25,166.149994,160.229996,1068.430054,1091.0,1066.849976,46.68,47.68,46.450001,68000.0,68500.0,66800.0
2019-01-31,46650.0,47050.0,46150.0,46150.0,21621145.0,166.110001,169.0,164.559998,1103.0,1117.329956,1095.410034,46.700001,47.18,46.099998,68100.0,68400.0,66200.0
2019-02-01,46650.0,46950.0,46250.0,46350.0,13832454.0,166.96000700000002,168.979996,165.929993,1112.400024,1125.0,1104.890015,47.060001,49.049999,47.009997999999996,66300.0,66300.0,65200.0
2019-02-07,46800.0,47100.0,46200.0,46200.0,15872001.0,172.399994,173.940002,170.33999599999999,1104.160034,1104.839966,1086.0,49.5,49.849998,48.68,,,
2019-02-08,45700.0,45700.0,44650.0,44800.0,12689196.0,168.990005,170.66000400000001,168.419998,1087.0,1098.910034,1086.550049,48.77,49.02,48.009997999999996,,,
2019-02-11,44500.0,45000.0,44250.0,45000.0,11125044.0,171.050003,171.21000700000002,169.25,1096.949951,1105.944946,1092.859985,49.02,49.32,48.580002,,,
2019-02-12,44650.0,46250.0,44650.0,46050.0,13184367.0,170.100006,171.0,169.699997,1106.800049,1125.295044,1105.849976,49.360001000000004,50.139998999999996,49.27,,,
2019-02-13,46400.0,46700.0,46000.0,46200.0,11299738.0,171.389999,172.479996,169.919998,1124.98999,1134.72998,1118.5,50.130001,50.810001,50.0,,,
2019-02-14,46600.0,47500.0,46150.0,47500.0,17259341.0,169.71000700000002,171.259995,169.380005,1118.050049,1128.22998,1110.444946,50.41,51.040001000000004,50.349998,,,
2019-02-15,46750.0,46850.0,45650.0,46050.0,10554643.0,171.25,171.699997,169.75,1130.079956,1131.670044,1110.650024,51.25,51.669998,51.09,,,
2019-02-18,46500.0,46850.0,45850.0,46200.0,8183728.0,,,,,,,,,,,,
2019-02-19,45850.0,46150.0,45450.0,45950.0,6741395.0,169.71000700000002,171.440002,169.490005,1110.0,1121.890015,1110.0,51.349998,51.709998999999996,51.34,,,
2019-02-20,46750.0,47100.0,46500.0,46900.0,11506720.0,171.190002,173.320007,170.990005,1119.98999,1123.410034,1105.280029,51.630001,51.73,51.060001,,,
2019-02-21,46500.0,47200.0,46200.0,46950.0,8694009.0,171.800003,172.369995,170.300003,1110.839966,1111.939941,1092.52002,51.32,51.84,51.209998999999996,,,
2019-02-22,46500.0,47150.0,46450.0,47150.0,6895772.0,171.580002,173.0,171.380005,1100.900024,1111.23999,1095.599976,52.700001,52.98,52.060001,,,
2019-02-25,47400.0,47550.0,47050.0,47350.0,7484716.0,174.16000400000001,175.869995,173.949997,1116.0,1118.540039,1107.27002,53.060001,53.610001000000004,52.860001000000004,,,
2019-02-26,47350.0,47450.0,46500.0,46750.0,7985547.0,173.71000700000002,175.300003,173.169998,1105.75,1119.51001,1099.920044,53.009997999999996,53.369999,52.91,,,
2019-02-27,47000.0,47250.0,46750.0,46750.0,8045211.0,173.21000700000002,175.0,172.729996,1106.949951,1117.97998,1101.0,52.759997999999996,53.380001,52.509997999999996,,,
2019-02-28,46400.0,46500.0,45100.0,45100.0,23569321.0,174.320007,174.91000400000001,172.919998,1111.300049,1127.650024,1111.01001,52.919998,53.18,52.810001,,,
2019-03-04,46000.0,46100.0,44800.0,44850.0,12926539.0,175.690002,177.75,173.970001,1146.98999,1158.280029,1130.689941,53.75,54.099998,53.209998999999996,,,
2019-03-05,44600.0,45100.0,44150.0,44250.0,10612405.0,175.940002,176.0,174.53999299999998,1150.060059,1169.609985,1146.194946,53.849998,53.990002000000004,53.110001000000004,,,
2019-03-06,44000.0,44300.0,43700.0,44000.0,10202544.0,174.669998,175.490005,173.940002,1162.48999,1167.56604,1155.48999,53.630001,53.650002,52.939999,,,
2019-03-07,43400.0,44950.0,43400.0,44450.0,11049749.0,173.869995,174.440002,172.020004,1155.719971,1156.755005,1134.910034,52.77,52.990002000000004,52.360001000000004,,,
2019-03-08,44450.0,44800.0,43800.0,43800.0,7729069.0,170.320007,173.070007,169.5,1126.72998,1147.079956,1123.300049,51.970001,52.560001,51.700001,,,
2019-03-11,44400.0,44450.0,43650.0,43650.0,10717408.0,175.490005,179.119995,175.350006,1144.449951,1176.189941,1144.449951,52.880001,53.650002,52.57,,,
2019-03-12,44300.0,44950.0,44150.0,44650.0,11431977.0,180.0,182.669998,179.369995,1178.26001,1200.0,1178.26001,53.34,53.959998999999996,53.18,,,
2019-03-13,44250.0,44450.0,43700.0,43850.0,8108343.0,182.25,183.300003,180.919998,1200.64502,1200.930054,1191.939941,54.0,54.57,53.650002,,,
2019-03-14,43700.0,44300.0,43550.0,43850.0,18039161.0,183.899994,184.100006,182.559998,1194.51001,1197.880005,1184.47998,54.299999,54.450001,53.330002,,,
2019-03-15,43800.0,44250.0,43700.0,44200.0,16814163.0,184.850006,187.330002,183.740005,1193.380005,1196.569946,1182.609985,53.68,54.689999,53.68,,,
2019-03-18,43950.0,44150.0,43450.0,43700.0,8188876.0,185.800003,188.389999,185.78999299999998,1183.300049,1190.0,1177.421021,54.419998,54.509997999999996,53.869999,,,
2019-03-19,43750.0,43900.0,43550.0,43900.0,7609563.0,188.350006,188.990005,185.919998,1188.810059,1200.0,1185.869995,54.470001,54.650002,54.0,,,
2019-03-20,43800.0,44200.0,43100.0,44050.0,9846242.0,186.229996,189.490005,184.729996,1197.349976,1227.140015,1196.170044,54.060001,54.400002,53.610001000000004,,,
2019-03-21,44600.0,46250.0,44050.0,45850.0,21138016.0,190.020004,196.330002,189.809998,1216.0,1231.790039,1213.150024,53.919998,54.990002000000004,53.84,,,
2019-03-22,46850.0,47000.0,46250.0,46550.0,12535911.0,195.33999599999999,197.690002,190.779999,1226.319946,1230.0,1202.824951,54.400002,54.619999,53.209998999999996,,,
2019-03-25,45300.0,45650.0,44800.0,45500.0,8699728.0,191.509995,191.979996,186.600006,1196.930054,1206.397949,1187.040039,52.970001,53.549999,52.380001,,,
2019-03-26,45500.0,45700.0,44900.0,45250.0,9729811.0,191.66000400000001,192.880005,184.580002,1198.530029,1202.829956,1176.719971,53.32,53.77,53.040001000000004,,,
2019-03-27,44750.0,45600.0,44250.0,45350.0,9568081.0,188.75,189.759995,186.550003,1185.5,1187.55896,1159.369995,53.59,53.860001000000004,52.939999,,,
2019-03-28,44950.0,45200.0,44300.0,44850.0,6821306.0,188.949997,189.559998,187.529999,1171.540039,1171.564941,1159.43103,53.25,53.439999,52.77,,,
2019-03-29,44500.0,44900.0,44200.0,44650.0,11491713.0,189.830002,190.080002,188.53999299999998,1174.900024,1178.98999,1162.880005,53.799999,54.040001000000004,53.48,,,
2019-04-01,45200.0,45450.0,44850.0,45050.0,7362129.0,191.639999,191.679993,188.380005,1184.099976,1196.660034,1182.0,54.34,54.57,54.099998,,,
2019-04-02,45550.0,46100.0,45350.0,45750.0,9480688.0,191.08999599999999,194.46000700000002,191.050003,1195.319946,1201.349976,1185.709961,54.529999,54.799999,54.23,,,
2019-04-03,46750.0,46750.0,45800.0,46600.0,12436570.0,193.25,196.5,193.149994,1207.47998,1216.300049,1200.5,55.029999,55.990002000000004,54.889998999999996,,,
2019-04-04,46150.0,47100.0,46150.0,46950.0,12650168.0,194.78999299999998,196.369995,193.139999,1205.939941,1215.670044,1204.130005,55.27,56.139998999999996,55.27,,,
2019-04-05,46950.0,47550.0,46600.0,46850.0,8546339.0,196.449997,197.100006,195.929993,1214.98999,1216.219971,1205.030029,55.75,55.950001,54.869999,,,
2019-04-08,47250.0,47250.0,46150.0,46650.0,8507909.0,196.419998,200.229996,196.33999599999999,1207.890015,1208.689941,1199.859985,55.279999,55.740002000000004,55.200001,,,
2019-04-09,46700.0,46950.0,46200.0,46650.0,6878761.0,200.320007,202.850006,199.229996,1196.0,1202.290039,1193.079956,55.349998,55.43,54.900002,,,
2019-04-10,46400.0,46700.0,46050.0,46700.0,11883995.0,198.679993,200.740005,198.179993,1200.680054,1203.785034,1196.435059,55.32,55.860001000000004,55.32,,,
2019-04-11,46700.0,46800.0,46150.0,46250.0,13697399.0,200.850006,201.0,198.440002,1203.959961,1207.959961,1200.130005,55.759997999999996,56.07,55.630001,,,
2019-04-12,46050.0,46900.0,46000.0,46850.0,7668936.0,199.199997,200.139999,196.21000700000002,1210.0,1218.349976,1208.109985,56.209998999999996,56.490002000000004,55.84,,,
2019-04-15,47150.0,47500.0,47000.0,47050.0,8733019.0,198.580002,199.850006,198.009995,1218.0,1224.199951,1209.109985,56.459998999999996,56.560001,55.919998,,,
2019-04-16,47400.0,47400.0,46800.0,47250.0,7730881.0,199.46000700000002,201.369995,198.559998,1225.0,1230.819946,1220.119995,56.66,57.470001,56.07,,,
2019-04-17,47300.0,47600.0,47000.0,47050.0,5513658.0,199.53999299999998,203.380005,198.610001,1233.0,1240.560059,1227.819946,58.439999,59.59,58.119999,,,
2019-04-18,47200.0,47250.0,45500.0,45600.0,12808747.0,203.119995,204.149994,202.520004,1239.180054,1242.0,1234.609985,58.709998999999996,58.880001,58.119999,,,
2019-04-19,45750.0,46000.0,45250.0,45300.0,8479710.0,,,,,,,,,,,,
2019-04-22,45400.0,45900.0,45100.0,45350.0,6006957.0,202.830002,204.940002,202.33999599999999,1235.98999,1249.089966,1228.310059,58.150002,58.830002,57.880001,,,
2019-04-23,45050.0,45500.0,45000.0,45200.0,6920566.0,204.429993,207.75,203.899994,1250.689941,1269.0,1246.380005,58.889998999999996,58.98,58.5,,,
2019-04-24,45400.0,45650.0,44150.0,44750.0,13299267.0,207.360001,208.479996,207.050003,1264.119995,1268.01001,1255.0,58.52,59.290001000000004,58.139998999999996,,,
2019-04-25,44250.0,45000.0,44100.0,44650.0,10868965.0,206.830002,207.759995,205.119995,1264.77002,1267.407959,1252.030029,58.299999,58.380001,57.23,,,
2019-04-26,44200.0,45000.0,43800.0,44850.0,9739982.0,204.899994,205.0,202.119995,1269.0,1273.069946,1260.319946,52.740002000000004,53.09,51.52,,,
2019-04-29,45150.0,46150.0,45100.0,46150.0,8777517.0,204.399994,205.970001,203.860001,1274.0,1289.27002,1266.295044,52.169998,52.43,51.0,,,
2019-04-30,46000.0,46300.0,45350.0,45850.0,11121273.0,203.059998,203.399994,199.110001,1185.0,1192.810059,1175.0,51.0,51.43,50.869999,,,
2019-05-02,45500.0,46150.0,45400.0,45900.0,8625126.0,209.83999599999999,212.649994,208.130005,1167.76001,1174.189941,1155.001953,50.799999,51.330002,50.119999,75300.0,76900.0,75300.0
2019-05-03,45900.0,46050.0,45300.0,45300.0,6562916.0,210.88999900000002,211.83999599999999,210.229996,1173.650024,1186.800049,1169.0,51.080002,51.82,50.73,,,
2019-05-07,45250.0,45300.0,44400.0,44850.0,12014907.0,205.880005,207.419998,200.830002,1180.469971,1190.439941,1161.040039,50.599998,50.880001,49.93,,,
2019-05-08,44300.0,44850.0,44200.0,44250.0,10398754.0,201.899994,205.33999599999999,201.75,1172.01001,1180.42395,1165.73999,50.200001,50.790001000000004,49.07,,,
2019-05-09,43900.0,44250.0,42450.0,42450.0,23029718.0,200.399994,201.679993,196.66000400000001,1159.030029,1169.660034,1150.849976,47.900002,48.290001000000004,46.049999,,,
2019-05-10,42600.0,43450.0,42450.0,42900.0,14579512.0,197.419998,198.850006,192.770004,1163.589966,1172.599976,1142.5,46.439999,46.799999,45.099998,,,
2019-05-13,42500.0,43200.0,42350.0,42650.0,7635079.0,187.71000700000002,189.479996,182.850006,1141.959961,1147.939941,1122.109985,45.330002,45.639998999999996,44.700001,,,
2019-05-14,41300.0,43100.0,41300.0,42650.0,11563730.0,186.41000400000001,189.699997,185.41000400000001,1137.209961,1140.420044,1119.550049,45.18,45.490002000000004,44.869999,,,
2019-05-15,42700.0,43050.0,42550.0,42550.0,7670185.0,186.270004,191.75,186.020004,1117.869995,1171.329956,1116.6660160000001,44.919998,45.75,44.759997999999996,71500.0,72800.0,71400.0
2019-05-16,42350.0,42400.0,41350.0,41550.0,13687828.0,189.91000400000001,192.470001,188.83999599999999,1164.51001,1188.160034,1162.839966,45.470001,45.950001,45.419998,,,
2019-05-17,41950.0,42050.0,40850.0,41200.0,13357951.0,186.929993,190.899994,186.759995,1168.469971,1180.150024,1160.01001,45.18,45.73,44.759997999999996,71600.0,72700.0,70600.0
2019-05-20,41650.0,42100.0,41550.0,42000.0,15752397.0,183.520004,184.350006,180.279999,1144.5,1146.7969970000001,1131.442993,44.0,44.52,43.450001,71500.0,71800.0,70400.0
2019-05-21,42600.0,43950.0,42350.0,43150.0,18812133.0,185.220001,188.0,184.699997,1148.48999,1152.708008,1137.939941,44.34,44.779999,44.18,70000.0,74000.0,70000.0
2019-05-22,43700.0,43800.0,42400.0,43500.0,11033339.0,184.66000400000001,185.71000700000002,182.550003,1146.75,1158.52002,1145.890015,44.150002,44.459998999999996,43.849998,73800.0,74000.0,72300.0
2019-05-23,43900.0,44000.0,43250.0,43850.0,12259006.0,179.800003,180.53999299999998,177.809998,1140.5,1145.9730220000001,1129.223999,43.369999,44.740002000000004,42.860001000000004,74300.0,75700.0,73600.0
2019-05-24,43800.0,43800.0,42400.0,42700.0,13966305.0,180.199997,182.139999,178.619995,1147.359985,1149.765015,1131.660034,44.59,45.049999,44.490002000000004,75300.0,76900.0,75300.0
2019-05-27,42500.0,43000.0,42350.0,42650.0,8066669.0,,,,,,,,,,76000.0,77100.0,75500.0
2019-05-28,42550.0,42950.0,42150.0,42550.0,24506881.0,178.919998,180.58999599999999,177.91000400000001,1134.0,1151.587036,1133.119995,44.66,44.689999,43.299999,76800.0,77800.0,76600.0
2019-05-29,41850.0,42100.0,41300.0,41800.0,14930618.0,176.419998,179.350006,176.0,1127.52002,1129.099976,1108.219971,43.349998,44.529999,43.330002,77300.0,77600.0,76000.0
2019-05-30,42200.0,42700.0,42150.0,42550.0,11766018.0,177.949997,179.229996,176.669998,1115.540039,1123.130005,1112.119995,44.299999,45.029999,44.23,77500.0,78400.0,77100.0
2019-05-31,42600.0,42800.0,42150.0,42500.0,11365999.0,176.229996,177.990005,174.990005,1101.290039,1109.599976,1100.180054,44.18,44.970001,43.93,78400.0,79000.0,76900.0
2019-06-03,42950.0,43900.0,42500.0,43800.0,15466580.0,175.600006,177.919998,170.270004,1065.5,1065.5,1025.0,44.25,44.59,43.200001,78300.0,81000.0,77700.0
2019-06-04,43400.0,43700.0,43000.0,43450.0,9913497.0,175.440002,179.830002,174.520004,1042.900024,1056.050049,1033.689941,44.16,44.860001000000004,43.77,81100.0,81200.0,78600.0
2019-06-05,44050.0,44200.0,43700.0,43900.0,12464135.0,184.279999,184.990005,181.139999,1051.540039,1053.550049,1030.48999,45.110001000000004,45.18,44.189999,79400.0,79800.0,77300.0
2019-06-07,43600.0,44350.0,43450.0,44200.0,11683682.0,186.509995,191.919998,185.770004,1050.630005,1070.920044,1048.400024,45.25,46.119999,45.099998,78000.0,79300.0,77900.0
2019-06-10,44300.0,44850.0,44050.0,44800.0,8792182.0,191.809998,195.369995,191.619995,1072.97998,1092.660034,1072.3220210000002,46.23,47.189999,46.200001,79100.0,79200.0,76500.0
2019-06-11,44800.0,45000.0,44550.0,44850.0,6664872.0,194.860001,196.0,193.600006,1093.97998,1101.98999,1077.6030269999999,47.259997999999996,47.32,46.52,79100.0,82600.0,78600.0
2019-06-12,44800.0,45050.0,44300.0,44600.0,8607439.0,193.949997,195.970001,193.389999,1078.0,1080.930054,1067.540039,46.669998,46.669998,46.25,82600.0,83400.0,81400.0
2019-06-13,44200.0,44400.0,43400.0,43750.0,16906541.0,194.699997,196.78999299999998,193.600006,1083.640015,1094.170044,1080.150024,46.599998,46.959998999999996,46.529999,82500.0,82500.0,80500.0
2019-06-14,43750.0,44150.0,43300.0,44000.0,9322873.0,191.550003,193.58999599999999,190.300003,1086.420044,1092.689941,1080.1719970000001,45.830002,46.419998,45.549999,81500.0,81700.0,79800.0
2019-06-17,43750.0,44050.0,43400.0,43900.0,11890424.0,192.899994,194.96000700000002,192.169998,1086.280029,1099.180054,1086.280029,46.139998999999996,46.529999,45.799999,80500.0,82600.0,80400.0
2019-06-18,43750.0,44500.0,43650.0,44350.0,7994928.0,196.050003,200.28999299999998,195.21000700000002,1109.689941,1116.390015,1098.98999,46.75,48.0,46.599998,81100.0,81600.0,80700.0
2019-06-19,45450.0,45450.0,45000.0,45350.0,10417690.0,199.679993,199.880005,197.309998,1105.599976,1107.0,1093.47998,47.48,47.580002,47.0,82000.0,82200.0,80000.0
2019-06-20,44850.0,45500.0,44850.0,45500.0,7147785.0,200.369995,200.610001,198.029999,1119.98999,1120.119995,1104.73999,47.869999,48.049999,46.869999,80700.0,81500.0,80000.0
2019-06-21,45750.0,45800.0,45200.0,45700.0,9454913.0,198.800003,200.850006,198.149994,1109.23999,1124.109985,1108.079956,46.950001,47.73,46.799999,80500.0,81100.0,79800.0
2019-06-24,45200.0,45800.0,45200.0,45500.0,6085066.0,198.53999299999998,200.16000400000001,198.169998,1119.609985,1122.0,1111.01001,47.400002,47.849998,47.169998,81000.0,81300.0,80300.0
2019-06-25,45200.0,45800.0,45200.0,45600.0,7076774.0,198.429993,199.259995,195.28999299999998,1112.660034,1114.349976,1083.800049,47.560001,47.68,46.799999,81200.0,81300.0,79600.0
2019-06-26,45800.0,46000.0,45600.0,45700.0,9226097.0,197.770004,200.990005,197.350006,1086.5,1092.969971,1072.23999,47.650002,48.48,47.560001,79600.0,79900.0,78100.0
2019-06-27,46000.0,46600.0,45750.0,46500.0,12603534.0,200.28999299999998,201.570007,199.570007,1084.0,1087.099976,1075.290039,48.150002,48.419998,47.240002000000004,79500.0,80400.0,79100.0
2019-06-28,47000.0,47000.0,46700.0,47000.0,12949231.0,198.679993,199.5,197.050003,1076.390015,1081.0,1073.369995,47.77,48.200001,47.68,79600.0,80500.0,78900.0
2019-07-01,47350.0,47400.0,46250.0,46600.0,11383522.0,203.169998,204.490005,200.649994,1098.0,1107.579956,1093.7030029999999,49.290001000000004,49.450001,47.75,78400.0,78400.0,76300.0
2019-07-02,46200.0,46900.0,45850.0,46250.0,8463073.0,201.41000400000001,203.130005,201.360001,1102.23999,1111.77002,1098.170044,47.91,48.220001,47.689999,76900.0,77500.0,76500.0
2019-07-03,45750.0,46350.0,45200.0,45400.0,9669368.0,203.279999,204.440002,202.690002,1117.410034,1126.76001,1113.859985,48.18,48.560001,48.0,77500.0,77800.0,76300.0
2019-07-04,45250.0,46200.0,45250.0,46000.0,6365573.0,,,,,,,,,,76700.0,77200.0,75700.0
2019-07-05,45950.0,45950.0,45250.0,45650.0,7235395.0,203.350006,205.080002,202.899994,1117.800049,1132.880005,1116.140015,48.029999,48.18,47.439999,76600.0,77200.0,72500.0
2019-07-08,44750.0,44800.0,44350.0,44400.0,7823843.0,200.809998,201.399994,198.41000400000001,1125.170044,1125.97998,1111.209961,47.619999,47.950001,47.07,71900.0,72100.0,70000.0
2019-07-09,44850.0,45450.0,44700.0,45100.0,7646421.0,199.199997,201.509995,198.809998,1111.800049,1128.025024,1107.170044,47.360001000000004,47.799999,47.130001,71500.0,72000.0,70300.0
2019-07-10,45550.0,46150.0,45500.0,45550.0,9253930.0,201.850006,203.729996,201.559998,1131.219971,1142.050049,1130.969971,47.919998,48.610001000000004,47.900002,70500.0,71700.0,70500.0
2019-07-11,46350.0,46550.0,46150.0,46200.0,10989751.0,203.309998,204.389999,201.71000700000002,1143.25,1153.069946,1139.579956,48.560001,48.779999,48.310001,70800.0,71400.0,69900.0
2019-07-12,46350.0,46400.0,45800.0,46300.0,5245804.0,202.449997,204.0,202.199997,1143.98999,1147.339966,1138.780029,49.0,49.93,48.810001,70800.0,71100.0,70400.0
2019-07-15,45950.0,46650.0,45750.0,46450.0,4717226.0,204.08999599999999,205.869995,204.0,1146.859985,1150.819946,1139.400024,50.0,50.25,49.77,70700.0,70800.0,69800.0
2019-07-16,46450.0,46850.0,46300.0,46850.0,7407824.0,204.58999599999999,206.110001,203.5,1146.0,1158.579956,1145.0,49.91,50.0,48.959998999999996,70300.0,70800.0,69500.0
2019-07-17,46150.0,46350.0,45950.0,46050.0,5216602.0,204.050003,205.08999599999999,203.270004,1150.969971,1158.359985,1145.77002,49.5,49.700001,49.240002000000004,70300.0,71500.0,70200.0
2019-07-18,46450.0,46450.0,45650.0,46100.0,5143554.0,204.0,205.880005,203.699997,1141.73999,1147.60498,1132.72998,49.279999,49.990002000000004,48.889998999999996,70800.0,71000.0,68700.0
2019-07-19,46650.0,46950.0,46600.0,46800.0,8819393.0,205.78999299999998,206.5,202.360001,1148.189941,1151.140015,1129.619995,49.959998999999996,50.66,49.91,69700.0,70900.0,69300.0
2019-07-22,46800.0,47300.0,46600.0,47200.0,9009109.0,203.649994,207.229996,203.610001,1133.449951,1139.25,1124.23999,50.009997999999996,51.52,49.889998999999996,70600.0,71300.0,70300.0
2019-07-23,47350.0,47550.0,47050.0,47300.0,9061381.0,208.46000700000002,208.91000400000001,207.28999299999998,1144.0,1146.900024,1131.800049,52.0,52.0,51.299999,70800.0,71200.0,70600.0
2019-07-24,47100.0,47150.0,46250.0,46400.0,8756522.0,207.669998,209.149994,207.169998,1131.900024,1144.0,1126.98999,51.98,52.970001,51.799999,70600.0,71000.0,69900.0
2019-07-25,47150.0,47200.0,46600.0,47200.0,8408838.0,208.889999,209.240005,206.729996,1137.819946,1141.699951,1120.920044,52.509997999999996,52.599998,51.880001,69800.0,70400.0,69300.0
2019-07-26,46650.0,47150.0,46550.0,47150.0,7873886.0,207.479996,209.729996,207.139999,1224.040039,1265.550049,1224.0,52.689999,53.5,51.529999,69000.0,69600.0,68100.0
2019-07-29,46800.0,47050.0,46000.0,46100.0,6856846.0,208.46000700000002,210.63999900000002,208.440002,1241.050049,1247.369995,1228.22998,51.529999,52.560001,50.779999,68300.0,69700.0,68000.0
2019-07-30,46300.0,46850.0,46300.0,46550.0,5551014.0,208.759995,210.16000400000001,207.309998,1225.410034,1234.869995,1223.300049,51.709998999999996,52.310001,51.560001,68400.0,68700.0,67400.0
2019-07-31,46200.0,46600.0,45000.0,45350.0,12872916.0,216.419998,221.36999500000002,211.30000299999998,1223.0,1234.0,1207.764038,51.509997999999996,51.720001,50.049999,67100.0,67500.0,64600.0
2019-08-01,44900.0,45500.0,44850.0,45200.0,7811181.0,213.899994,218.02999900000003,206.740005,1214.030029,1234.109985,1205.719971,50.52,51.889998999999996,49.470001,64100.0,65300.0,64000.0
2019-08-05,44350.0,44600.0,43600.0,43950.0,14214086.0,197.990005,198.649994,192.580002,1170.040039,1175.23999,1140.140015,47.759997999999996,47.959998999999996,46.57,62800.0,63300.0,61600.0
2019-08-06,42500.0,43800.0,42500.0,43500.0,15083824.0,196.309998,198.070007,194.03999299999998,1163.310059,1179.959961,1160.0,47.150002,47.560001,46.77,59300.0,62200.0,59200.0
2019-08-07,43600.0,43900.0,43100.0,43200.0,10002533.0,195.41000400000001,199.559998,193.820007,1156.0,1178.444946,1149.624023,46.299999,46.880001,45.970001,60300.0,61100.0,59100.0
2019-08-08,43250.0,43500.0,42650.0,42650.0,16926881.0,200.199997,203.529999,199.389999,1182.829956,1205.01001,1173.02002,46.16,47.369999,45.91,60300.0,60500.0,59600.0
2019-08-09,43250.0,43350.0,43050.0,43150.0,9685147.0,201.300003,202.759995,199.28999299999998,1197.98999,1203.880005,1183.6030269999999,46.939999,47.0,45.779999,60500.0,61500.0,60100.0
2019-08-12,44000.0,44000.0,43550.0,43700.0,8466169.0,199.619995,202.050003,199.149994,1179.209961,1184.959961,1167.6719970000001,45.759997999999996,46.07,45.439999,60600.0,60900.0,60100.0
2019-08-13,43500.0,43500.0,42950.0,43000.0,7276979.0,201.020004,212.13999900000002,200.479996,1171.459961,1204.780029,1171.459961,45.490002000000004,47.049999,45.360001000000004,60000.0,60500.0,59600.0
2019-08-14,43900.0,44250.0,43500.0,43700.0,8750135.0,203.16000400000001,206.440002,202.58999599999999,1176.310059,1182.300049,1160.540039,46.060001,46.630001,45.650002,60500.0,60800.0,59800.0
2019-08-16,43800.0,43900.0,43300.0,43900.0,9528115.0,204.279999,207.16000400000001,203.83999599999999,1179.550049,1182.719971,1171.810059,46.34,46.68,46.060001,59700.0,60000.0,58500.0
2019-08-19,44350.0,44350.0,43500.0,43600.0,6014218.0,210.61999500000002,212.729996,210.02999900000003,1190.089966,1206.98999,1190.089966,47.459998999999996,47.599998,47.040001000000004,60300.0,60800.0,60100.0
2019-08-20,43950.0,44600.0,43550.0,44450.0,8434205.0,210.88000499999998,213.350006,210.32000699999998,1195.25,1196.060059,1182.109985,47.029999,47.119999,46.459998999999996,60400.0,60900.0,60200.0
2019-08-21,44350.0,44800.0,44150.0,44500.0,6571717.0,212.99000499999997,213.649994,211.600006,1193.150024,1199.0,1187.430054,47.110001000000004,47.290001000000004,46.889998999999996,60600.0,60900.0,60100.0
2019-08-22,44500.0,44700.0,43850.0,44050.0,8061177.0,213.190002,214.440002,210.75,1194.069946,1198.0119630000002,1178.579956,47.279999,47.43,46.689999,60700.0,61500.0,60600.0
2019-08-23,43800.0,44200.0,43650.0,43950.0,5017381.0,209.429993,212.05000299999998,201.0,1181.98999,1194.079956,1147.75,46.349998,46.630001,44.799999,60600.0,61000.0,60000.0
2019-08-26,43050.0,43800.0,42950.0,43600.0,7954949.0,205.860001,207.190002,205.059998,1157.26001,1169.469971,1152.959961,45.82,45.82,45.25,59800.0,60000.0,59500.0
2019-08-27,43650.0,44200.0,43600.0,44050.0,16883932.0,207.860001,208.550003,203.529999,1180.530029,1182.400024,1161.449951,45.869999,46.119999,45.5,60000.0,60500.0,59100.0
2019-08-28,44100.0,44400.0,43750.0,44150.0,5758333.0,204.100006,205.720001,203.320007,1161.709961,1176.420044,1157.300049,45.700001,45.91,45.369999,59500.0,60500.0,59500.0
2019-08-29,44200.0,44200.0,43050.0,43400.0,10768862.0,208.5,209.320007,206.66000400000001,1181.119995,1196.060059,1181.119995,46.459998999999996,47.220001,46.400002,60500.0,60500.0,59500.0
2019-08-30,43750.0,44300.0,43750.0,44000.0,9899073.0,210.16000400000001,210.44999700000002,207.199997,1198.5,1198.5,1183.8029789999998,47.240002000000004,47.790001000000004,47.16,60300.0,61800.0,60000.0
2019-09-02,44850.0,44850.0,43650.0,43800.0,7185537.0,,,,,,,,,,61100.0,61500.0,60700.0
2019-09-04,43250.0,44100.0,43150.0,44100.0,12441837.0,208.389999,209.479996,207.320007,1176.709961,1183.47998,1171.0,47.560001,48.950001,47.540001000000004,61300.0,62100.0,60700.0
2019-09-05,44800.0,46100.0,44450.0,45700.0,18297430.0,212.0,213.97000099999997,211.50999500000003,1191.530029,1213.040039,1191.530029,49.93,51.169998,49.869999,62300.0,62600.0,61800.0
2019-09-06,46500.0,46500.0,45850.0,46300.0,9896562.0,214.05000299999998,214.419998,212.50999500000003,1208.130005,1212.015015,1202.5219730000001,50.25,50.990002000000004,50.07,62700.0,62800.0,61900.0
2019-09-09,46450.0,47000.0,46300.0,46900.0,9434157.0,214.83999599999999,216.440002,211.07000699999998,1204.0,1220.0,1192.619995,51.060001,52.029999,51.02,61800.0,62000.0,61200.0
2019-09-11,47300.0,47400.0,46800.0,47150.0,16141619.0,218.07000699999998,223.710007,217.729996,1203.410034,1222.599976,1202.199951,51.599998,52.790001000000004,51.380001,65000.0,65600.0,63700.0
